threshold,position_limit,sharpe,total_pnl,max_drawdown
0.5,10,-106.52983144137286,-84.75970599994866,84.75971599994875
0.05,25,-7.0440365783412755,-2.1999859999991145,2.249987999999121
